key,user_transaction_time,channel,transaction_risk_score,processing_type,cc_amount,ledger_balance,cc_acceptor_state,acceptor_state,cardholder_presence,card_presence
bc05a834-08ea-4a03-84e5-eec25566c079,2021-01-14T16:41:11Z,ECOMMERCE,9,CARD_ON_FILE,37.98,2405.19,CA,06,0,0
bc05a834-08ea-4a03-84e5-eec25566c079,2021-01-14T16:41:11Z,ECOMMERCE,9,CARD_ON_FILE,37.98,2405.19,CA,06,0,0
bc05a834-08ea-4a03-84e5-eec25566c079,2021-01-14T16:41:11Z,ECOMMERCE,9,CARD_ON_FILE,37.98,2405.19,CA,06,0,0
bc05a834-08ea-4a03-84e5-eec25566c079,2021-01-14T16:41:11Z,ECOMMERCE,9,CARD_ON_FILE,37.98,2405.19,CA,06,0,0
bc05a834-08ea-4a03-84e5-eec25566c079,2021-01-14T16:41:11Z,ECOMMERCE,9,CARD_ON_FILE,37.98,2405.19,CA,06,0,0
bc05a834-08ea-4a03-84e5-eec25566c079,2021-01-14T16:41:11Z,ECOMMERCE,9,CARD_ON_FILE,37.98,2405.19,CA,06,0,0
22138d88-1cdf-43a1-9b70-faa59930e52a,2021-01-09T19:39:34Z,ECOMMERCE,8,CARD_ON_FILE,19.99,2748.98,CA,06,0,0
22138d88-1cdf-43a1-9b70-faa59930e52a,2021-01-09T19:39:34Z,ECOMMERCE,8,CARD_ON_FILE,19.99,2748.98,CA,06,0,0
22138d88-1cdf-43a1-9b70-faa59930e52a,2021-01-09T19:39:34Z,ECOMMERCE,8,CARD_ON_FILE,19.99,2748.98,CA,06,0,0
22138d88-1cdf-43a1-9b70-faa59930e52a,2021-01-09T19:39:34Z,ECOMMERCE,8,CARD_ON_FILE,19.99,2748.98,CA,06,0,0
0d3b1a36-0e91-4c31-8357-9ba8b675c12e,2021-01-17T08:16:53Z,ECOMMERCE,7,CARD_ON_FILE,19.98,2492.78,CA,06,0,0
0d3b1a36-0e91-4c31-8357-9ba8b675c12e,2021-01-17T08:16:53Z,ECOMMERCE,7,CARD_ON_FILE,19.98,2492.78,CA,06,0,0
0d3b1a36-0e91-4c31-8357-9ba8b675c12e,2021-01-17T08:16:53Z,ECOMMERCE,7,CARD_ON_FILE,19.98,2492.78,CA,06,0,0
c507f7d4-84de-4075-9922-ffbe2ec28b30,2021-01-24T14:11:10Z,ECOMMERCE,7,CARD_ON_FILE,27.98,3780.56,CA,06,0,0
e156e273-9be3-45cb-9776-e32df0be252a,2021-01-24T15:45:45Z,ECOMMERCE,7,CARD_ON_FILE,19.99,3760.57,CA,06,0,0
c507f7d4-84de-4075-9922-ffbe2ec28b30,2021-01-24T14:11:10Z,ECOMMERCE,7,CARD_ON_FILE,27.98,3780.56,CA,06,0,0
e156e273-9be3-45cb-9776-e32df0be252a,2021-01-24T15:45:45Z,ECOMMERCE,7,CARD_ON_FILE,19.99,3760.57,CA,06,0,0
c507f7d4-84de-4075-9922-ffbe2ec28b30,2021-01-24T14:11:10Z,ECOMMERCE,7,CARD_ON_FILE,27.98,3780.56,CA,06,0,0
e156e273-9be3-45cb-9776-e32df0be252a,2021-01-24T15:45:45Z,ECOMMERCE,7,CARD_ON_FILE,19.99,3760.57,CA,06,0,0
c507f7d4-84de-4075-9922-ffbe2ec28b30,2021-01-24T14:11:10Z,ECOMMERCE,7,CARD_ON_FILE,27.98,3780.56,CA,06,0,0
e156e273-9be3-45cb-9776-e32df0be252a,2021-01-24T15:45:45Z,ECOMMERCE,7,CARD_ON_FILE,19.99,3760.57,CA,06,0,0
c507f7d4-84de-4075-9922-ffbe2ec28b30,2021-01-24T14:11:10Z,ECOMMERCE,7,CARD_ON_FILE,27.98,3780.56,CA,06,0,0
e156e273-9be3-45cb-9776-e32df0be252a,2021-01-24T15:45:45Z,ECOMMERCE,7,CARD_ON_FILE,19.99,3760.57,CA,06,0,0
c507f7d4-84de-4075-9922-ffbe2ec28b30,2021-01-24T14:11:10Z,ECOMMERCE,7,CARD_ON_FILE,27.98,3780.56,CA,06,0,0
e156e273-9be3-45cb-9776-e32df0be252a,2021-01-24T15:45:45Z,ECOMMERCE,7,CARD_ON_FILE,19.99,3760.57,CA,06,0,0
c507f7d4-84de-4075-9922-ffbe2ec28b30,2021-01-24T14:11:10Z,ECOMMERCE,7,CARD_ON_FILE,27.98,3780.56,CA,06,0,0
e156e273-9be3-45cb-9776-e32df0be252a,2021-01-24T15:45:45Z,ECOMMERCE,7,CARD_ON_FILE,19.99,3760.57,CA,06,0,0
d3518451-5161-4031-9e1f-696dd8f2dadf,2021-01-11T16:24:16Z,ECOMMERCE,6,CARD_ON_FILE,34.99,2586.23,CA,06,0,0
d3518451-5161-4031-9e1f-696dd8f2dadf,2021-01-11T16:24:16Z,ECOMMERCE,6,CARD_ON_FILE,34.99,2586.23,CA,06,0,0
ca9cd1c8-7313-4861-ab43-5bfc6ede2df7,2021-01-21T00:40:28Z,ECOMMERCE,6,CARD_ON_FILE,34.98,2946.42,CA,06,0,0
ca9cd1c8-7313-4861-ab43-5bfc6ede2df7,2021-01-21T00:40:28Z,ECOMMERCE,6,CARD_ON_FILE,34.98,2946.42,CA,06,0,0
ca9cd1c8-7313-4861-ab43-5bfc6ede2df7,2021-01-21T00:40:28Z,ECOMMERCE,6,CARD_ON_FILE,34.98,2946.42,CA,06,0,0
ca9cd1c8-7313-4861-ab43-5bfc6ede2df7,2021-01-21T00:40:28Z,ECOMMERCE,6,CARD_ON_FILE,34.98,2946.42,CA,06,0,0
ca9cd1c8-7313-4861-ab43-5bfc6ede2df7,2021-01-21T00:40:28Z,ECOMMERCE,6,CARD_ON_FILE,34.98,2946.42,CA,06,0,0
fc24e7ad-3bb2-4673-8b31-66911cbc9c4c,2021-01-05T23:09:05Z,ECOMMERCE,6,CARD_ON_FILE,35.03,30232.78,MA,25,0,0
ab3bbf83-c87c-42a2-bb0c-eb34cd36e46a,2021-01-06T16:36:19Z,ECOMMERCE,5,CARD_ON_FILE,31.96,1754.76,CA,06,0,0
ab3bbf83-c87c-42a2-bb0c-eb34cd36e46a,2021-01-06T16:36:19Z,ECOMMERCE,5,CARD_ON_FILE,31.96,1754.76,CA,06,0,0
ab3bbf83-c87c-42a2-bb0c-eb34cd36e46a,2021-01-06T16:36:19Z,ECOMMERCE,5,CARD_ON_FILE,31.96,1754.76,CA,06,0,0
b0eb4c01-3aa2-4493-8d8b-7e7363b27169,2021-01-17T05:41:21Z,ECOMMERCE,5,CARD_ON_FILE,9.99,2482.79,CA,06,0,0
b0eb4c01-3aa2-4493-8d8b-7e7363b27169,2021-01-17T05:41:21Z,ECOMMERCE,5,CARD_ON_FILE,9.99,2482.79,CA,06,0,0
b0eb4c01-3aa2-4493-8d8b-7e7363b27169,2021-01-17T05:41:21Z,ECOMMERCE,5,CARD_ON_FILE,9.99,2482.79,CA,06,0,0
72c2e42d-193e-44f9-ad8f-cb97143e3c72,2021-01-09T03:13:02Z,ECOMMERCE,5,CARD_ON_FILE,14.98,3085.64,CA,06,0,0
72c2e42d-193e-44f9-ad8f-cb97143e3c72,2021-01-09T03:13:02Z,ECOMMERCE,5,CARD_ON_FILE,14.98,3085.64,CA,06,0,0
72c2e42d-193e-44f9-ad8f-cb97143e3c72,2021-01-09T03:13:02Z,ECOMMERCE,5,CARD_ON_FILE,14.98,3085.64,CA,06,0,0
72c2e42d-193e-44f9-ad8f-cb97143e3c72,2021-01-09T03:13:02Z,ECOMMERCE,5,CARD_ON_FILE,14.98,3085.64,CA,06,0,0
80348fd7-976a-4503-821e-1494e9ef33b2,2021-03-31T23:35:59Z,ECOMMERCE,43,CARD_ON_FILE,61.74,123.91,,,0,0
80348fd7-976a-4503-821e-1494e9ef33b2,2021-03-31T23:35:59Z,ECOMMERCE,43,CARD_ON_FILE,61.74,123.91,,,0,0
80348fd7-976a-4503-821e-1494e9ef33b2,2021-03-31T23:35:59Z,ECOMMERCE,43,CARD_ON_FILE,61.74,123.91,,,0,0
80348fd7-976a-4503-821e-1494e9ef33b2,2021-03-31T23:35:59Z,ECOMMERCE,43,CARD_ON_FILE,61.74,123.91,,,0,0
80348fd7-976a-4503-821e-1494e9ef33b2,2021-03-31T23:35:59Z,ECOMMERCE,43,CARD_ON_FILE,61.74,123.91,,,0,0
80348fd7-976a-4503-821e-1494e9ef33b2,2021-03-31T23:35:59Z,ECOMMERCE,43,CARD_ON_FILE,61.74,123.91,,,0,0
80348fd7-976a-4503-821e-1494e9ef33b2,2021-03-31T23:35:59Z,ECOMMERCE,43,CARD_ON_FILE,61.74,123.91,,,0,0
80348fd7-976a-4503-821e-1494e9ef33b2,2021-03-31T23:35:59Z,ECOMMERCE,43,CARD_ON_FILE,61.74,123.91,,,0,0
80348fd7-976a-4503-821e-1494e9ef33b2,2021-03-31T23:35:59Z,ECOMMERCE,43,CARD_ON_FILE,61.74,123.91,,,0,0
80348fd7-976a-4503-821e-1494e9ef33b2,2021-03-31T23:35:59Z,ECOMMERCE,43,CARD_ON_FILE,61.74,123.91,,,0,0
80348fd7-976a-4503-821e-1494e9ef33b2,2021-03-31T23:35:59Z,ECOMMERCE,43,CARD_ON_FILE,61.74,123.91,,,0,0
80348fd7-976a-4503-821e-1494e9ef33b2,2021-03-31T23:35:59Z,ECOMMERCE,43,CARD_ON_FILE,61.74,123.91,,,0,0
5ff1cf24-331b-436a-b9e5-96ea8c3d2a4a,2021-03-31T20:21:14Z,ECOMMERCE,42,CARD_ON_FILE,24.11,247.39,,,0,0
cbfdf8d2-8d1f-4e96-9c38-f3eedd657507,2021-03-31T23:41:28Z,ECOMMERCE,42,CARD_ON_FILE,32.96,29.21,,,0,0
5ff1cf24-331b-436a-b9e5-96ea8c3d2a4a,2021-03-31T20:21:14Z,ECOMMERCE,42,CARD_ON_FILE,24.11,247.39,,,0,0
cbfdf8d2-8d1f-4e96-9c38-f3eedd657507,2021-03-31T23:41:28Z,ECOMMERCE,42,CARD_ON_FILE,32.96,29.21,,,0,0
5ff1cf24-331b-436a-b9e5-96ea8c3d2a4a,2021-03-31T20:21:14Z,ECOMMERCE,42,CARD_ON_FILE,24.11,247.39,,,0,0
cbfdf8d2-8d1f-4e96-9c38-f3eedd657507,2021-03-31T23:41:28Z,ECOMMERCE,42,CARD_ON_FILE,32.96,29.21,,,0,0
5ff1cf24-331b-436a-b9e5-96ea8c3d2a4a,2021-03-31T20:21:14Z,ECOMMERCE,42,CARD_ON_FILE,24.11,247.39,,,0,0
cbfdf8d2-8d1f-4e96-9c38-f3eedd657507,2021-03-31T23:41:28Z,ECOMMERCE,42,CARD_ON_FILE,32.96,29.21,,,0,0
5ff1cf24-331b-436a-b9e5-96ea8c3d2a4a,2021-03-31T20:21:14Z,ECOMMERCE,42,CARD_ON_FILE,24.11,247.39,,,0,0
cbfdf8d2-8d1f-4e96-9c38-f3eedd657507,2021-03-31T23:41:28Z,ECOMMERCE,42,CARD_ON_FILE,32.96,29.21,,,0,0
5ff1cf24-331b-436a-b9e5-96ea8c3d2a4a,2021-03-31T20:21:14Z,ECOMMERCE,42,CARD_ON_FILE,24.11,247.39,,,0,0
cbfdf8d2-8d1f-4e96-9c38-f3eedd657507,2021-03-31T23:41:28Z,ECOMMERCE,42,CARD_ON_FILE,32.96,29.21,,,0,0
5ff1cf24-331b-436a-b9e5-96ea8c3d2a4a,2021-03-31T20:21:14Z,ECOMMERCE,42,CARD_ON_FILE,24.11,247.39,,,0,0
cbfdf8d2-8d1f-4e96-9c38-f3eedd657507,2021-03-31T23:41:28Z,ECOMMERCE,42,CARD_ON_FILE,32.96,29.21,,,0,0
5ff1cf24-331b-436a-b9e5-96ea8c3d2a4a,2021-03-31T20:21:14Z,ECOMMERCE,42,CARD_ON_FILE,24.11,247.39,,,0,0
cbfdf8d2-8d1f-4e96-9c38-f3eedd657507,2021-03-31T23:41:28Z,ECOMMERCE,42,CARD_ON_FILE,32.96,29.21,,,0,0
5ff1cf24-331b-436a-b9e5-96ea8c3d2a4a,2021-03-31T20:21:14Z,ECOMMERCE,42,CARD_ON_FILE,24.11,247.39,,,0,0
cbfdf8d2-8d1f-4e96-9c38-f3eedd657507,2021-03-31T23:41:28Z,ECOMMERCE,42,CARD_ON_FILE,32.96,29.21,,,0,0
5ff1cf24-331b-436a-b9e5-96ea8c3d2a4a,2021-03-31T20:21:14Z,ECOMMERCE,42,CARD_ON_FILE,24.11,247.39,,,0,0
cbfdf8d2-8d1f-4e96-9c38-f3eedd657507,2021-03-31T23:41:28Z,ECOMMERCE,42,CARD_ON_FILE,32.96,29.21,,,0,0
5ff1cf24-331b-436a-b9e5-96ea8c3d2a4a,2021-03-31T20:21:14Z,ECOMMERCE,42,CARD_ON_FILE,24.11,247.39,,,0,0
cbfdf8d2-8d1f-4e96-9c38-f3eedd657507,2021-03-31T23:41:28Z,ECOMMERCE,42,CARD_ON_FILE,32.96,29.21,,,0,0
5ff1cf24-331b-436a-b9e5-96ea8c3d2a4a,2021-03-31T20:21:14Z,ECOMMERCE,42,CARD_ON_FILE,24.11,247.39,,,0,0
cbfdf8d2-8d1f-4e96-9c38-f3eedd657507,2021-03-31T23:41:28Z,ECOMMERCE,42,CARD_ON_FILE,32.96,29.21,,,0,0
9744ab18-3765-411d-ab92-35b6e6d27b8d,2021-03-31T23:35:21Z,ECOMMERCE,40,CARD_ON_FILE,61.74,185.65,,,0,0
9744ab18-3765-411d-ab92-35b6e6d27b8d,2021-03-31T23:35:21Z,ECOMMERCE,40,CARD_ON_FILE,61.74,185.65,,,0,0
9744ab18-3765-411d-ab92-35b6e6d27b8d,2021-03-31T23:35:21Z,ECOMMERCE,40,CARD_ON_FILE,61.74,185.65,,,0,0
9744ab18-3765-411d-ab92-35b6e6d27b8d,2021-03-31T23:35:21Z,ECOMMERCE,40,CARD_ON_FILE,61.74,185.65,,,0,0
9744ab18-3765-411d-ab92-35b6e6d27b8d,2021-03-31T23:35:21Z,ECOMMERCE,40,CARD_ON_FILE,61.74,185.65,,,0,0
9744ab18-3765-411d-ab92-35b6e6d27b8d,2021-03-31T23:35:21Z,ECOMMERCE,40,CARD_ON_FILE,61.74,185.65,,,0,0
9744ab18-3765-411d-ab92-35b6e6d27b8d,2021-03-31T23:35:21Z,ECOMMERCE,40,CARD_ON_FILE,61.74,185.65,,,0,0
9744ab18-3765-411d-ab92-35b6e6d27b8d,2021-03-31T23:35:21Z,ECOMMERCE,40,CARD_ON_FILE,61.74,185.65,,,0,0
9744ab18-3765-411d-ab92-35b6e6d27b8d,2021-03-31T23:35:21Z,ECOMMERCE,40,CARD_ON_FILE,61.74,185.65,,,0,0
9744ab18-3765-411d-ab92-35b6e6d27b8d,2021-03-31T23:35:21Z,ECOMMERCE,40,CARD_ON_FILE,61.74,185.65,,,0,0
9744ab18-3765-411d-ab92-35b6e6d27b8d,2021-03-31T23:35:21Z,ECOMMERCE,40,CARD_ON_FILE,61.74,185.65,,,0,0
9744ab18-3765-411d-ab92-35b6e6d27b8d,2021-03-31T23:35:21Z,ECOMMERCE,40,CARD_ON_FILE,61.74,185.65,,,0,0
3a39b0d1-869d-45e8-bd61-4de3e5046bf0,2021-01-18T22:22:38Z,ECOMMERCE,4,CARD_ON_FILE,9.99,2922.75,CA,06,0,0
77a33015-a713-4aca-964e-65ab01e910c6,2021-01-19T18:02:45Z,ECOMMERCE,4,CARD_ON_FILE,19.99,1797.24,CA,06,0,0
3a39b0d1-869d-45e8-bd61-4de3e5046bf0,2021-01-18T22:22:38Z,ECOMMERCE,4,CARD_ON_FILE,9.99,2922.75,CA,06,0,0
77a33015-a713-4aca-964e-65ab01e910c6,2021-01-19T18:02:45Z,ECOMMERCE,4,CARD_ON_FILE,19.99,1797.24,CA,06,0,0
3a39b0d1-869d-45e8-bd61-4de3e5046bf0,2021-01-18T22:22:38Z,ECOMMERCE,4,CARD_ON_FILE,9.99,2922.75,CA,06,0,0
77a33015-a713-4aca-964e-65ab01e910c6,2021-01-19T18:02:45Z,ECOMMERCE,4,CARD_ON_FILE,19.99,1797.24,CA,06,0,0
3a39b0d1-869d-45e8-bd61-4de3e5046bf0,2021-01-18T22:22:38Z,ECOMMERCE,4,CARD_ON_FILE,9.99,2922.75,CA,06,0,0
77a33015-a713-4aca-964e-65ab01e910c6,2021-01-19T18:02:45Z,ECOMMERCE,4,CARD_ON_FILE,19.99,1797.24,CA,06,0,0
3a39b0d1-869d-45e8-bd61-4de3e5046bf0,2021-01-18T22:22:38Z,ECOMMERCE,4,CARD_ON_FILE,9.99,2922.75,CA,06,0,0
77a33015-a713-4aca-964e-65ab01e910c6,2021-01-19T18:02:45Z,ECOMMERCE,4,CARD_ON_FILE,19.99,1797.24,CA,06,0,0
e4ff23f2-c2ef-46db-8732-116761f47e02,2021-01-16T20:20:57Z,ECOMMERCE,4,CARD_ON_FILE,19.99,2781.71,CA,06,0,0
e4ff23f2-c2ef-46db-8732-116761f47e02,2021-01-16T20:20:57Z,ECOMMERCE,4,CARD_ON_FILE,19.99,2781.71,CA,06,0,0
e4ff23f2-c2ef-46db-8732-116761f47e02,2021-01-16T20:20:57Z,ECOMMERCE,4,CARD_ON_FILE,19.99,2781.71,CA,06,0,0
e4ff23f2-c2ef-46db-8732-116761f47e02,2021-01-16T20:20:57Z,ECOMMERCE,4,CARD_ON_FILE,19.99,2781.71,CA,06,0,0
e4ff23f2-c2ef-46db-8732-116761f47e02,2021-01-16T20:20:57Z,ECOMMERCE,4,CARD_ON_FILE,19.99,2781.71,CA,06,0,0
9703018a-60be-4d11-ad72-9228373afb9b,2021-03-31T20:07:32Z,ECOMMERCE,37,CARD_ON_FILE,61.75,395.0,,,0,0
9703018a-60be-4d11-ad72-9228373afb9b,2021-03-31T20:07:32Z,ECOMMERCE,37,CARD_ON_FILE,61.75,395.0,,,0,0
9703018a-60be-4d11-ad72-9228373afb9b,2021-03-31T20:07:32Z,ECOMMERCE,37,CARD_ON_FILE,61.75,395.0,,,0,0
9703018a-60be-4d11-ad72-9228373afb9b,2021-03-31T20:07:32Z,ECOMMERCE,37,CARD_ON_FILE,61.75,395.0,,,0,0
9703018a-60be-4d11-ad72-9228373afb9b,2021-03-31T20:07:32Z,ECOMMERCE,37,CARD_ON_FILE,61.75,395.0,,,0,0
9703018a-60be-4d11-ad72-9228373afb9b,2021-03-31T20:07:32Z,ECOMMERCE,37,CARD_ON_FILE,61.75,395.0,,,0,0
9703018a-60be-4d11-ad72-9228373afb9b,2021-03-31T20:07:32Z,ECOMMERCE,37,CARD_ON_FILE,61.75,395.0,,,0,0
9703018a-60be-4d11-ad72-9228373afb9b,2021-03-31T20:07:32Z,ECOMMERCE,37,CARD_ON_FILE,61.75,395.0,,,0,0
9703018a-60be-4d11-ad72-9228373afb9b,2021-03-31T20:07:32Z,ECOMMERCE,37,CARD_ON_FILE,61.75,395.0,,,0,0
9703018a-60be-4d11-ad72-9228373afb9b,2021-03-31T20:07:32Z,ECOMMERCE,37,CARD_ON_FILE,61.75,395.0,,,0,0
9703018a-60be-4d11-ad72-9228373afb9b,2021-03-31T20:07:32Z,ECOMMERCE,37,CARD_ON_FILE,61.75,395.0,,,0,0
9703018a-60be-4d11-ad72-9228373afb9b,2021-03-31T20:07:32Z,ECOMMERCE,37,CARD_ON_FILE,61.75,395.0,,,0,0
4c11d0e8-6d61-48a8-90b3-2efb6986b799,2021-02-04T12:45:27Z,ECOMMERCE,35,MANUAL,384.0,15867.98,AR,05,0,0
986b500d-3597-4b6c-a612-d2c6cffbbfa0,2021-03-31T20:09:31Z,ECOMMERCE,35,CARD_ON_FILE,61.75,271.5,,,0,0
687ede93-0188-46ef-847e-caf7fdd3b097,2021-03-31T23:36:48Z,ECOMMERCE,35,CARD_ON_FILE,61.74,62.17,,,0,0
986b500d-3597-4b6c-a612-d2c6cffbbfa0,2021-03-31T20:09:31Z,ECOMMERCE,35,CARD_ON_FILE,61.75,271.5,,,0,0
687ede93-0188-46ef-847e-caf7fdd3b097,2021-03-31T23:36:48Z,ECOMMERCE,35,CARD_ON_FILE,61.74,62.17,,,0,0
986b500d-3597-4b6c-a612-d2c6cffbbfa0,2021-03-31T20:09:31Z,ECOMMERCE,35,CARD_ON_FILE,61.75,271.5,,,0,0
687ede93-0188-46ef-847e-caf7fdd3b097,2021-03-31T23:36:48Z,ECOMMERCE,35,CARD_ON_FILE,61.74,62.17,,,0,0
986b500d-3597-4b6c-a612-d2c6cffbbfa0,2021-03-31T20:09:31Z,ECOMMERCE,35,CARD_ON_FILE,61.75,271.5,,,0,0
687ede93-0188-46ef-847e-caf7fdd3b097,2021-03-31T23:36:48Z,ECOMMERCE,35,CARD_ON_FILE,61.74,62.17,,,0,0
986b500d-3597-4b6c-a612-d2c6cffbbfa0,2021-03-31T20:09:31Z,ECOMMERCE,35,CARD_ON_FILE,61.75,271.5,,,0,0
687ede93-0188-46ef-847e-caf7fdd3b097,2021-03-31T23:36:48Z,ECOMMERCE,35,CARD_ON_FILE,61.74,62.17,,,0,0
986b500d-3597-4b6c-a612-d2c6cffbbfa0,2021-03-31T20:09:31Z,ECOMMERCE,35,CARD_ON_FILE,61.75,271.5,,,0,0
687ede93-0188-46ef-847e-caf7fdd3b097,2021-03-31T23:36:48Z,ECOMMERCE,35,CARD_ON_FILE,61.74,62.17,,,0,0
986b500d-3597-4b6c-a612-d2c6cffbbfa0,2021-03-31T20:09:31Z,ECOMMERCE,35,CARD_ON_FILE,61.75,271.5,,,0,0
687ede93-0188-46ef-847e-caf7fdd3b097,2021-03-31T23:36:48Z,ECOMMERCE,35,CARD_ON_FILE,61.74,62.17,,,0,0
986b500d-3597-4b6c-a612-d2c6cffbbfa0,2021-03-31T20:09:31Z,ECOMMERCE,35,CARD_ON_FILE,61.75,271.5,,,0,0
687ede93-0188-46ef-847e-caf7fdd3b097,2021-03-31T23:36:48Z,ECOMMERCE,35,CARD_ON_FILE,61.74,62.17,,,0,0
986b500d-3597-4b6c-a612-d2c6cffbbfa0,2021-03-31T20:09:31Z,ECOMMERCE,35,CARD_ON_FILE,61.75,271.5,,,0,0
687ede93-0188-46ef-847e-caf7fdd3b097,2021-03-31T23:36:48Z,ECOMMERCE,35,CARD_ON_FILE,61.74,62.17,,,0,0
986b500d-3597-4b6c-a612-d2c6cffbbfa0,2021-03-31T20:09:31Z,ECOMMERCE,35,CARD_ON_FILE,61.75,271.5,,,0,0
687ede93-0188-46ef-847e-caf7fdd3b097,2021-03-31T23:36:48Z,ECOMMERCE,35,CARD_ON_FILE,61.74,62.17,,,0,0
986b500d-3597-4b6c-a612-d2c6cffbbfa0,2021-03-31T20:09:31Z,ECOMMERCE,35,CARD_ON_FILE,61.75,271.5,,,0,0
687ede93-0188-46ef-847e-caf7fdd3b097,2021-03-31T23:36:48Z,ECOMMERCE,35,CARD_ON_FILE,61.74,62.17,,,0,0
986b500d-3597-4b6c-a612-d2c6cffbbfa0,2021-03-31T20:09:31Z,ECOMMERCE,35,CARD_ON_FILE,61.75,271.5,,,0,0
687ede93-0188-46ef-847e-caf7fdd3b097,2021-03-31T23:36:48Z,ECOMMERCE,35,CARD_ON_FILE,61.74,62.17,,,0,0
ab8d1c40-eff9-4865-be48-16445d024b04,2021-02-05T10:44:25Z,ECOMMERCE,34,MANUAL,106.63,15011.58,AR,05,0,0
b52463c8-507c-4739-9432-ba5b138f88db,2021-03-31T20:08:20Z,ECOMMERCE,34,CARD_ON_FILE,61.75,333.25,,,0,0
b52463c8-507c-4739-9432-ba5b138f88db,2021-03-31T20:08:20Z,ECOMMERCE,34,CARD_ON_FILE,61.75,333.25,,,0,0
b52463c8-507c-4739-9432-ba5b138f88db,2021-03-31T20:08:20Z,ECOMMERCE,34,CARD_ON_FILE,61.75,333.25,,,0,0
b52463c8-507c-4739-9432-ba5b138f88db,2021-03-31T20:08:20Z,ECOMMERCE,34,CARD_ON_FILE,61.75,333.25,,,0,0
b52463c8-507c-4739-9432-ba5b138f88db,2021-03-31T20:08:20Z,ECOMMERCE,34,CARD_ON_FILE,61.75,333.25,,,0,0
b52463c8-507c-4739-9432-ba5b138f88db,2021-03-31T20:08:20Z,ECOMMERCE,34,CARD_ON_FILE,61.75,333.25,,,0,0
b52463c8-507c-4739-9432-ba5b138f88db,2021-03-31T20:08:20Z,ECOMMERCE,34,CARD_ON_FILE,61.75,333.25,,,0,0
b52463c8-507c-4739-9432-ba5b138f88db,2021-03-31T20:08:20Z,ECOMMERCE,34,CARD_ON_FILE,61.75,333.25,,,0,0
b52463c8-507c-4739-9432-ba5b138f88db,2021-03-31T20:08:20Z,ECOMMERCE,34,CARD_ON_FILE,61.75,333.25,,,0,0
b52463c8-507c-4739-9432-ba5b138f88db,2021-03-31T20:08:20Z,ECOMMERCE,34,CARD_ON_FILE,61.75,333.25,,,0,0
b52463c8-507c-4739-9432-ba5b138f88db,2021-03-31T20:08:20Z,ECOMMERCE,34,CARD_ON_FILE,61.75,333.25,,,0,0
b52463c8-507c-4739-9432-ba5b138f88db,2021-03-31T20:08:20Z,ECOMMERCE,34,CARD_ON_FILE,61.75,333.25,,,0,0
ba5f1648-6f88-4ca0-ad71-460756fc26ce,2021-03-31T19:59:55Z,ECOMMERCE,32,MANUAL,33.52,474.98,,,0,0
ba5f1648-6f88-4ca0-ad71-460756fc26ce,2021-03-31T19:59:55Z,ECOMMERCE,32,MANUAL,33.52,474.98,,,0,0
ba5f1648-6f88-4ca0-ad71-460756fc26ce,2021-03-31T19:59:55Z,ECOMMERCE,32,MANUAL,33.52,474.98,,,0,0
ba5f1648-6f88-4ca0-ad71-460756fc26ce,2021-03-31T19:59:55Z,ECOMMERCE,32,MANUAL,33.52,474.98,,,0,0
ba5f1648-6f88-4ca0-ad71-460756fc26ce,2021-03-31T19:59:55Z,ECOMMERCE,32,MANUAL,33.52,474.98,,,0,0
ba5f1648-6f88-4ca0-ad71-460756fc26ce,2021-03-31T19:59:55Z,ECOMMERCE,32,MANUAL,33.52,474.98,,,0,0
ba5f1648-6f88-4ca0-ad71-460756fc26ce,2021-03-31T19:59:55Z,ECOMMERCE,32,MANUAL,33.52,474.98,,,0,0
ba5f1648-6f88-4ca0-ad71-460756fc26ce,2021-03-31T19:59:55Z,ECOMMERCE,32,MANUAL,33.52,474.98,,,0,0
ba5f1648-6f88-4ca0-ad71-460756fc26ce,2021-03-31T19:59:55Z,ECOMMERCE,32,MANUAL,33.52,474.98,,,0,0
ba5f1648-6f88-4ca0-ad71-460756fc26ce,2021-03-31T19:59:55Z,ECOMMERCE,32,MANUAL,33.52,474.98,,,0,0
ba5f1648-6f88-4ca0-ad71-460756fc26ce,2021-03-31T19:59:55Z,ECOMMERCE,32,MANUAL,33.52,474.98,,,0,0
ba5f1648-6f88-4ca0-ad71-460756fc26ce,2021-03-31T19:59:55Z,ECOMMERCE,32,MANUAL,33.52,474.98,,,0,0
a2e65869-07cd-418a-a4c8-28720fb737b8,2021-02-04T18:07:31Z,ECOMMERCE,32,MANUAL,106.63,13272.64,AR,05,0,0
1c883ac7-2b2a-4931-be4d-beccc9810562,2021-03-31T20:06:38Z,ECOMMERCE,30,CARD_ON_FILE,18.23,456.75,,,0,0
1c883ac7-2b2a-4931-be4d-beccc9810562,2021-03-31T20:06:38Z,ECOMMERCE,30,CARD_ON_FILE,18.23,456.75,,,0,0
1c883ac7-2b2a-4931-be4d-beccc9810562,2021-03-31T20:06:38Z,ECOMMERCE,30,CARD_ON_FILE,18.23,456.75,,,0,0
1c883ac7-2b2a-4931-be4d-beccc9810562,2021-03-31T20:06:38Z,ECOMMERCE,30,CARD_ON_FILE,18.23,456.75,,,0,0
1c883ac7-2b2a-4931-be4d-beccc9810562,2021-03-31T20:06:38Z,ECOMMERCE,30,CARD_ON_FILE,18.23,456.75,,,0,0
1c883ac7-2b2a-4931-be4d-beccc9810562,2021-03-31T20:06:38Z,ECOMMERCE,30,CARD_ON_FILE,18.23,456.75,,,0,0
1c883ac7-2b2a-4931-be4d-beccc9810562,2021-03-31T20:06:38Z,ECOMMERCE,30,CARD_ON_FILE,18.23,456.75,,,0,0
1c883ac7-2b2a-4931-be4d-beccc9810562,2021-03-31T20:06:38Z,ECOMMERCE,30,CARD_ON_FILE,18.23,456.75,,,0,0
1c883ac7-2b2a-4931-be4d-beccc9810562,2021-03-31T20:06:38Z,ECOMMERCE,30,CARD_ON_FILE,18.23,456.75,,,0,0
1c883ac7-2b2a-4931-be4d-beccc9810562,2021-03-31T20:06:38Z,ECOMMERCE,30,CARD_ON_FILE,18.23,456.75,,,0,0
1c883ac7-2b2a-4931-be4d-beccc9810562,2021-03-31T20:06:38Z,ECOMMERCE,30,CARD_ON_FILE,18.23,456.75,,,0,0
1c883ac7-2b2a-4931-be4d-beccc9810562,2021-03-31T20:06:38Z,ECOMMERCE,30,CARD_ON_FILE,18.23,456.75,,,0,0
e86e0383-f3ec-49fb-8b18-da29b2f3cff1,2021-01-06T20:01:43Z,ECOMMERCE,3,CARD_ON_FILE,19.99,1549.27,CA,06,0,0
e86e0383-f3ec-49fb-8b18-da29b2f3cff1,2021-01-06T20:01:43Z,ECOMMERCE,3,CARD_ON_FILE,19.99,1549.27,CA,06,0,0
e86e0383-f3ec-49fb-8b18-da29b2f3cff1,2021-01-06T20:01:43Z,ECOMMERCE,3,CARD_ON_FILE,19.99,1549.27,CA,06,0,0
3fbb2b44-b339-458d-af63-9f7991a8284d,2021-01-06T05:09:12Z,ECOMMERCE,3,CARD_ON_FILE,18.95,30267.81,MA,25,0,0
78f8d56c-1762-49c0-a7f2-99902af3b112,2021-01-06T16:02:25Z,ECOMMERCE,3,CARD_ON_FILE,17.27,30388.58,MA,25,0,0
0a1845f0-3992-4828-b6fa-aa909ab1af13,2021-01-06T13:47:02Z,ECOMMERCE,3,CARD_ON_FILE,17.08,30301.84,MA,25,0,0
884d1638-c325-435d-848e-443d8436dbee,2021-01-15T18:45:03Z,ECOMMERCE,3,CARD_ON_FILE,9.99,3046.23,CA,06,0,0
884d1638-c325-435d-848e-443d8436dbee,2021-01-15T18:45:03Z,ECOMMERCE,3,CARD_ON_FILE,9.99,3046.23,CA,06,0,0
884d1638-c325-435d-848e-443d8436dbee,2021-01-15T18:45:03Z,ECOMMERCE,3,CARD_ON_FILE,9.99,3046.23,CA,06,0,0
e4aa740a-1ff1-4e8c-b508-821906822529,2021-01-18T22:22:04Z,ECOMMERCE,3,CARD_ON_FILE,18.95,2932.74,CA,06,0,0
e4aa740a-1ff1-4e8c-b508-821906822529,2021-01-18T22:22:04Z,ECOMMERCE,3,CARD_ON_FILE,18.95,2932.74,CA,06,0,0
e4aa740a-1ff1-4e8c-b508-821906822529,2021-01-18T22:22:04Z,ECOMMERCE,3,CARD_ON_FILE,18.95,2932.74,CA,06,0,0
e4aa740a-1ff1-4e8c-b508-821906822529,2021-01-18T22:22:04Z,ECOMMERCE,3,CARD_ON_FILE,18.95,2932.74,CA,06,0,0
e4aa740a-1ff1-4e8c-b508-821906822529,2021-01-18T22:22:04Z,ECOMMERCE,3,CARD_ON_FILE,18.95,2932.74,CA,06,0,0
edf76f24-82db-42c6-b2bf-42df3f17d315,2021-01-18T00:42:39Z,ECOMMERCE,3,CARD_ON_FILE,24.98,2652.17,CA,06,0,0
edf76f24-82db-42c6-b2bf-42df3f17d315,2021-01-18T00:42:39Z,ECOMMERCE,3,CARD_ON_FILE,24.98,2652.17,CA,06,0,0
b5460b3a-ed5d-4388-acb9-1d579fdcba6a,2021-01-17T01:55:45Z,ECOMMERCE,3,CARD_ON_FILE,9.99,2595.23,CA,06,0,0
b5460b3a-ed5d-4388-acb9-1d579fdcba6a,2021-01-17T01:55:45Z,ECOMMERCE,3,CARD_ON_FILE,9.99,2595.23,CA,06,0,0
b5460b3a-ed5d-4388-acb9-1d579fdcba6a,2021-01-17T01:55:45Z,ECOMMERCE,3,CARD_ON_FILE,9.99,2595.23,CA,06,0,0
b5460b3a-ed5d-4388-acb9-1d579fdcba6a,2021-01-17T01:55:45Z,ECOMMERCE,3,CARD_ON_FILE,9.99,2595.23,CA,06,0,0
b5460b3a-ed5d-4388-acb9-1d579fdcba6a,2021-01-17T01:55:45Z,ECOMMERCE,3,CARD_ON_FILE,9.99,2595.23,CA,06,0,0
39b070cd-caa2-44e1-8267-fcf709de5523,2021-03-14T11:00:38Z,MOTO,28,MANUAL,190.16,0.0,TN,47,0,0
0ed16640-0b40-4418-9554-aa1d39430376,2021-01-21T17:10:13Z,ECOMMERCE,27,CARD_ON_FILE,99.99,1982.22,CA,06,0,0
0ed16640-0b40-4418-9554-aa1d39430376,2021-01-21T17:10:13Z,ECOMMERCE,27,CARD_ON_FILE,99.99,1982.22,CA,06,0,0
0ed16640-0b40-4418-9554-aa1d39430376,2021-01-21T17:10:13Z,ECOMMERCE,27,CARD_ON_FILE,99.99,1982.22,CA,06,0,0
0ed16640-0b40-4418-9554-aa1d39430376,2021-01-21T17:10:13Z,ECOMMERCE,27,CARD_ON_FILE,99.99,1982.22,CA,06,0,0
0ed16640-0b40-4418-9554-aa1d39430376,2021-01-21T17:10:13Z,ECOMMERCE,27,CARD_ON_FILE,99.99,1982.22,CA,06,0,0
961daf44-d4a1-43de-a97d-d055b3f5cb39,2022-01-24T17:19:40Z,OTHER,27,MAGSTRIPE,99.56,247.11,TX,48,1,1
1c6f773c-116c-4607-9a6e-2cc1f61a839d,2021-01-25T06:26:10Z,ECOMMERCE,26,CARD_ON_FILE,109.98,1824.05,CA,06,0,0
1c6f773c-116c-4607-9a6e-2cc1f61a839d,2021-01-25T06:26:10Z,ECOMMERCE,26,CARD_ON_FILE,109.98,1824.05,CA,06,0,0
763d9b89-c768-45fc-8ffb-d80326ebd875,2021-01-03T08:16:56Z,ECOMMERCE,25,CARD_ON_FILE,99.99,5972.58,CA,06,0,0
763d9b89-c768-45fc-8ffb-d80326ebd875,2021-01-03T08:16:56Z,ECOMMERCE,25,CARD_ON_FILE,99.99,5972.58,CA,06,0,0
763d9b89-c768-45fc-8ffb-d80326ebd875,2021-01-03T08:16:56Z,ECOMMERCE,25,CARD_ON_FILE,99.99,5972.58,CA,06,0,0
763d9b89-c768-45fc-8ffb-d80326ebd875,2021-01-03T08:16:56Z,ECOMMERCE,25,CARD_ON_FILE,99.99,5972.58,CA,06,0,0
4bb48491-ee9d-42b6-8083-85e2307ae3d8,2021-03-31T19:56:02Z,ECOMMERCE,25,MANUAL,41.17,508.5,,,0,0
4bb48491-ee9d-42b6-8083-85e2307ae3d8,2021-03-31T19:56:02Z,ECOMMERCE,25,MANUAL,41.17,508.5,,,0,0
4bb48491-ee9d-42b6-8083-85e2307ae3d8,2021-03-31T19:56:02Z,ECOMMERCE,25,MANUAL,41.17,508.5,,,0,0
4bb48491-ee9d-42b6-8083-85e2307ae3d8,2021-03-31T19:56:02Z,ECOMMERCE,25,MANUAL,41.17,508.5,,,0,0
4bb48491-ee9d-42b6-8083-85e2307ae3d8,2021-03-31T19:56:02Z,ECOMMERCE,25,MANUAL,41.17,508.5,,,0,0
4bb48491-ee9d-42b6-8083-85e2307ae3d8,2021-03-31T19:56:02Z,ECOMMERCE,25,MANUAL,41.17,508.5,,,0,0
4bb48491-ee9d-42b6-8083-85e2307ae3d8,2021-03-31T19:56:02Z,ECOMMERCE,25,MANUAL,41.17,508.5,,,0,0
4bb48491-ee9d-42b6-8083-85e2307ae3d8,2021-03-31T19:56:02Z,ECOMMERCE,25,MANUAL,41.17,508.5,,,0,0
4bb48491-ee9d-42b6-8083-85e2307ae3d8,2021-03-31T19:56:02Z,ECOMMERCE,25,MANUAL,41.17,508.5,,,0,0
4bb48491-ee9d-42b6-8083-85e2307ae3d8,2021-03-31T19:56:02Z,ECOMMERCE,25,MANUAL,41.17,508.5,,,0,0
4bb48491-ee9d-42b6-8083-85e2307ae3d8,2021-03-31T19:56:02Z,ECOMMERCE,25,MANUAL,41.17,508.5,,,0,0
4bb48491-ee9d-42b6-8083-85e2307ae3d8,2021-03-31T19:56:02Z,ECOMMERCE,25,MANUAL,41.17,508.5,,,0,0
daf3bff3-3664-46a5-adf5-e56fdba81874,2021-01-13T17:12:02Z,ECOMMERCE,24,CARD_ON_FILE,99.99,2835.01,CA,06,0,0
e1a4a61d-58a1-45de-9dc0-3f5a2dc5c42c,2020-12-31T15:57:35Z,ECOMMERCE,24,CARD_ON_FILE,99.99,2836.69,CA,06,0,0
e1a4a61d-58a1-45de-9dc0-3f5a2dc5c42c,2020-12-31T15:57:35Z,ECOMMERCE,24,CARD_ON_FILE,99.99,2836.69,CA,06,0,0
f08b87c9-bffc-4470-bd8b-d5044209ad02,2021-03-31T19:53:36Z,ECOMMERCE,24,MANUAL,56.46,549.67,,,0,0
f08b87c9-bffc-4470-bd8b-d5044209ad02,2021-03-31T19:53:36Z,ECOMMERCE,24,MANUAL,56.46,549.67,,,0,0
f08b87c9-bffc-4470-bd8b-d5044209ad02,2021-03-31T19:53:36Z,ECOMMERCE,24,MANUAL,56.46,549.67,,,0,0
f08b87c9-bffc-4470-bd8b-d5044209ad02,2021-03-31T19:53:36Z,ECOMMERCE,24,MANUAL,56.46,549.67,,,0,0
f08b87c9-bffc-4470-bd8b-d5044209ad02,2021-03-31T19:53:36Z,ECOMMERCE,24,MANUAL,56.46,549.67,,,0,0
f08b87c9-bffc-4470-bd8b-d5044209ad02,2021-03-31T19:53:36Z,ECOMMERCE,24,MANUAL,56.46,549.67,,,0,0
f08b87c9-bffc-4470-bd8b-d5044209ad02,2021-03-31T19:53:36Z,ECOMMERCE,24,MANUAL,56.46,549.67,,,0,0
f08b87c9-bffc-4470-bd8b-d5044209ad02,2021-03-31T19:53:36Z,ECOMMERCE,24,MANUAL,56.46,549.67,,,0,0
f08b87c9-bffc-4470-bd8b-d5044209ad02,2021-03-31T19:53:36Z,ECOMMERCE,24,MANUAL,56.46,549.67,,,0,0
f08b87c9-bffc-4470-bd8b-d5044209ad02,2021-03-31T19:53:36Z,ECOMMERCE,24,MANUAL,56.46,549.67,,,0,0
f08b87c9-bffc-4470-bd8b-d5044209ad02,2021-03-31T19:53:36Z,ECOMMERCE,24,MANUAL,56.46,549.67,,,0,0
f08b87c9-bffc-4470-bd8b-d5044209ad02,2021-03-31T19:53:36Z,ECOMMERCE,24,MANUAL,56.46,549.67,,,0,0
4b1d3580-d004-4529-9d45-94bb21e8632c,2021-01-02T04:15:08Z,ECOMMERCE,23,CARD_ON_FILE,99.99,6147.07,CA,06,0,0
6ff91424-cc35-4cb5-803a-b9075a28a3b6,2021-01-03T01:17:40Z,ECOMMERCE,23,CARD_ON_FILE,99.99,6673.49,CA,06,0,0
6ff91424-cc35-4cb5-803a-b9075a28a3b6,2021-01-03T01:17:40Z,ECOMMERCE,23,CARD_ON_FILE,99.99,6673.49,CA,06,0,0
6ff91424-cc35-4cb5-803a-b9075a28a3b6,2021-01-03T01:17:40Z,ECOMMERCE,23,CARD_ON_FILE,99.99,6673.49,CA,06,0,0
6ff91424-cc35-4cb5-803a-b9075a28a3b6,2021-01-03T01:17:40Z,ECOMMERCE,23,CARD_ON_FILE,99.99,6673.49,CA,06,0,0
a9cd22e4-8798-46c4-bd9b-d18eb37175dc,2020-12-31T22:37:12Z,ECOMMERCE,23,CARD_ON_FILE,99.99,2721.74,CA,06,0,0
a9cd22e4-8798-46c4-bd9b-d18eb37175dc,2020-12-31T22:37:12Z,ECOMMERCE,23,CARD_ON_FILE,99.99,2721.74,CA,06,0,0
56482a9d-cb05-4507-8f38-330e87aaf2e9,2021-01-18T20:25:32Z,ECOMMERCE,23,MANUAL,129.13,9.0,NV,32,0,0
09d7b001-7f24-44c6-a5a2-4e0115adae76,2021-01-06T18:27:41Z,ECOMMERCE,22,CARD_ON_FILE,99.99,1609.28,CA,06,0,0
09d7b001-7f24-44c6-a5a2-4e0115adae76,2021-01-06T18:27:41Z,ECOMMERCE,22,CARD_ON_FILE,99.99,1609.28,CA,06,0,0
09d7b001-7f24-44c6-a5a2-4e0115adae76,2021-01-06T18:27:41Z,ECOMMERCE,22,CARD_ON_FILE,99.99,1609.28,CA,06,0,0
9bc6cf4f-d689-4720-bbf9-9bde6258130c,2021-01-23T20:17:41Z,ECOMMERCE,22,CARD_ON_FILE,99.99,2087.99,CA,06,0,0
9bc6cf4f-d689-4720-bbf9-9bde6258130c,2021-01-23T20:17:41Z,ECOMMERCE,22,CARD_ON_FILE,99.99,2087.99,CA,06,0,0
9bc6cf4f-d689-4720-bbf9-9bde6258130c,2021-01-23T20:17:41Z,ECOMMERCE,22,CARD_ON_FILE,99.99,2087.99,CA,06,0,0
15c855f0-16c2-4af5-b5ba-51b8c2b9554c,2021-01-11T02:07:37Z,ECOMMERCE,21,CARD_ON_FILE,49.99,3510.38,CA,06,0,0
15c855f0-16c2-4af5-b5ba-51b8c2b9554c,2021-01-11T02:07:37Z,ECOMMERCE,21,CARD_ON_FILE,49.99,3510.38,CA,06,0,0
2d53a6b2-6953-46c3-84ec-e3d0dd9e52a8,2021-01-15T16:33:41Z,ECOMMERCE,21,CARD_ON_FILE,99.99,3056.22,CA,06,0,0
2d53a6b2-6953-46c3-84ec-e3d0dd9e52a8,2021-01-15T16:33:41Z,ECOMMERCE,21,CARD_ON_FILE,99.99,3056.22,CA,06,0,0
2d53a6b2-6953-46c3-84ec-e3d0dd9e52a8,2021-01-15T16:33:41Z,ECOMMERCE,21,CARD_ON_FILE,99.99,3056.22,CA,06,0,0
f504d1f9-3dc2-48ef-8f3d-6ad2944d7da8,2021-03-07T08:23:50Z,MOTO,20,CARD_ON_FILE,178.2,665.01,CA,06,0,0
1a29f4cd-ede4-466c-80f2-486a8f303ec7,2021-01-25T06:37:00Z,ECOMMERCE,20,CARD_ON_FILE,99.99,1724.06,CA,06,0,0
1a29f4cd-ede4-466c-80f2-486a8f303ec7,2021-01-25T06:37:00Z,ECOMMERCE,20,CARD_ON_FILE,99.99,1724.06,CA,06,0,0
a85f802e-cb5f-4484-88d2-b3a3c5377e45,2021-12-24T00:01:40Z,MOTO,20,MANUAL,1417.19,0.0,NV,32,0,0
860066ab-9fd0-4802-a51e-2ebfab21da40,2021-01-24T17:56:41Z,ECOMMERCE,20,CARD_ON_FILE,104.98,3590.63,CA,06,0,0
860066ab-9fd0-4802-a51e-2ebfab21da40,2021-01-24T17:56:41Z,ECOMMERCE,20,CARD_ON_FILE,104.98,3590.63,CA,06,0,0
860066ab-9fd0-4802-a51e-2ebfab21da40,2021-01-24T17:56:41Z,ECOMMERCE,20,CARD_ON_FILE,104.98,3590.63,CA,06,0,0
860066ab-9fd0-4802-a51e-2ebfab21da40,2021-01-24T17:56:41Z,ECOMMERCE,20,CARD_ON_FILE,104.98,3590.63,CA,06,0,0
860066ab-9fd0-4802-a51e-2ebfab21da40,2021-01-24T17:56:41Z,ECOMMERCE,20,CARD_ON_FILE,104.98,3590.63,CA,06,0,0
860066ab-9fd0-4802-a51e-2ebfab21da40,2021-01-24T17:56:41Z,ECOMMERCE,20,CARD_ON_FILE,104.98,3590.63,CA,06,0,0
860066ab-9fd0-4802-a51e-2ebfab21da40,2021-01-24T17:56:41Z,ECOMMERCE,20,CARD_ON_FILE,104.98,3590.63,CA,06,0,0
bd672e5e-3be1-4f01-a900-f7a90f2ac473,2021-01-19T21:36:56Z,ECOMMERCE,2,CARD_ON_FILE,9.99,3177.11,CA,06,0,0
bd672e5e-3be1-4f01-a900-f7a90f2ac473,2021-01-19T21:36:56Z,ECOMMERCE,2,CARD_ON_FILE,9.99,3177.11,CA,06,0,0
2eccceb1-aabb-4831-b3be-40a176c6a12d,2021-01-21T18:53:19Z,ECOMMERCE,2,CARD_ON_FILE,14.99,2183.15,CA,06,0,0
2eccceb1-aabb-4831-b3be-40a176c6a12d,2021-01-21T18:53:19Z,ECOMMERCE,2,CARD_ON_FILE,14.99,2183.15,CA,06,0,0
2eccceb1-aabb-4831-b3be-40a176c6a12d,2021-01-21T18:53:19Z,ECOMMERCE,2,CARD_ON_FILE,14.99,2183.15,CA,06,0,0
2eccceb1-aabb-4831-b3be-40a176c6a12d,2021-01-21T18:53:19Z,ECOMMERCE,2,CARD_ON_FILE,14.99,2183.15,CA,06,0,0
2eccceb1-aabb-4831-b3be-40a176c6a12d,2021-01-21T18:53:19Z,ECOMMERCE,2,CARD_ON_FILE,14.99,2183.15,CA,06,0,0
490c3c4f-0e30-4a30-8f66-c404a660440d,2021-01-10T21:04:55Z,ECOMMERCE,2,CARD_ON_FILE,11.99,3510.14,CA,06,0,0
490c3c4f-0e30-4a30-8f66-c404a660440d,2021-01-10T21:04:55Z,ECOMMERCE,2,CARD_ON_FILE,11.99,3510.14,CA,06,0,0
490c3c4f-0e30-4a30-8f66-c404a660440d,2021-01-10T21:04:55Z,ECOMMERCE,2,CARD_ON_FILE,11.99,3510.14,CA,06,0,0
6741f5df-1ec1-40e6-acd9-694a7f396ac2,2021-01-05T01:44:56Z,ECOMMERCE,2,CARD_ON_FILE,15.08,30286.76,MA,25,0,0
89cbbf1d-0d82-4c31-ab99-a3c251ae52db,2021-01-19T03:19:06Z,ECOMMERCE,2,CARD_ON_FILE,4.99,2602.78,CA,06,0,0
89cbbf1d-0d82-4c31-ab99-a3c251ae52db,2021-01-19T03:19:06Z,ECOMMERCE,2,CARD_ON_FILE,4.99,2602.78,CA,06,0,0
89cbbf1d-0d82-4c31-ab99-a3c251ae52db,2021-01-19T03:19:06Z,ECOMMERCE,2,CARD_ON_FILE,4.99,2602.78,CA,06,0,0
89cbbf1d-0d82-4c31-ab99-a3c251ae52db,2021-01-19T03:19:06Z,ECOMMERCE,2,CARD_ON_FILE,4.99,2602.78,CA,06,0,0
89cbbf1d-0d82-4c31-ab99-a3c251ae52db,2021-01-19T03:19:06Z,ECOMMERCE,2,CARD_ON_FILE,4.99,2602.78,CA,06,0,0
5699a9e7-8dca-4afc-b4ac-0996c6221b1b,2021-01-12T03:29:21Z,ECOMMERCE,2,CARD_ON_FILE,9.99,3404.81,CA,06,0,0
5699a9e7-8dca-4afc-b4ac-0996c6221b1b,2021-01-12T03:29:21Z,ECOMMERCE,2,CARD_ON_FILE,9.99,3404.81,CA,06,0,0
5699a9e7-8dca-4afc-b4ac-0996c6221b1b,2021-01-12T03:29:21Z,ECOMMERCE,2,CARD_ON_FILE,9.99,3404.81,CA,06,0,0
b79e0fb5-c0b2-4557-b25f-8dea2e665f59,2021-01-25T02:01:37Z,ECOMMERCE,2,CARD_ON_FILE,4.99,3328.59,CA,06,0,0
b79e0fb5-c0b2-4557-b25f-8dea2e665f59,2021-01-25T02:01:37Z,ECOMMERCE,2,CARD_ON_FILE,4.99,3328.59,CA,06,0,0
b79e0fb5-c0b2-4557-b25f-8dea2e665f59,2021-01-25T02:01:37Z,ECOMMERCE,2,CARD_ON_FILE,4.99,3328.59,CA,06,0,0
b79e0fb5-c0b2-4557-b25f-8dea2e665f59,2021-01-25T02:01:37Z,ECOMMERCE,2,CARD_ON_FILE,4.99,3328.59,CA,06,0,0
b79e0fb5-c0b2-4557-b25f-8dea2e665f59,2021-01-25T02:01:37Z,ECOMMERCE,2,CARD_ON_FILE,4.99,3328.59,CA,06,0,0
b79e0fb5-c0b2-4557-b25f-8dea2e665f59,2021-01-25T02:01:37Z,ECOMMERCE,2,CARD_ON_FILE,4.99,3328.59,CA,06,0,0
b79e0fb5-c0b2-4557-b25f-8dea2e665f59,2021-01-25T02:01:37Z,ECOMMERCE,2,CARD_ON_FILE,4.99,3328.59,CA,06,0,0
d3d486f7-465b-4117-b9d9-da4a5c26d1c6,2021-01-16T20:36:19Z,ECOMMERCE,19,CARD_ON_FILE,99.99,2801.7,CA,06,0,0
d3d486f7-465b-4117-b9d9-da4a5c26d1c6,2021-01-16T20:36:19Z,ECOMMERCE,19,CARD_ON_FILE,99.99,2801.7,CA,06,0,0
d3d486f7-465b-4117-b9d9-da4a5c26d1c6,2021-01-16T20:36:19Z,ECOMMERCE,19,CARD_ON_FILE,99.99,2801.7,CA,06,0,0
d3d486f7-465b-4117-b9d9-da4a5c26d1c6,2021-01-16T20:36:19Z,ECOMMERCE,19,CARD_ON_FILE,99.99,2801.7,CA,06,0,0
d3d486f7-465b-4117-b9d9-da4a5c26d1c6,2021-01-16T20:36:19Z,ECOMMERCE,19,CARD_ON_FILE,99.99,2801.7,CA,06,0,0
490cf2d0-ea4a-4ad3-8338-afd3940c57f4,2021-01-14T18:52:20Z,ECOMMERCE,18,CARD_ON_FILE,99.99,2305.2,CA,06,0,0
490cf2d0-ea4a-4ad3-8338-afd3940c57f4,2021-01-14T18:52:20Z,ECOMMERCE,18,CARD_ON_FILE,99.99,2305.2,CA,06,0,0
490cf2d0-ea4a-4ad3-8338-afd3940c57f4,2021-01-14T18:52:20Z,ECOMMERCE,18,CARD_ON_FILE,99.99,2305.2,CA,06,0,0
490cf2d0-ea4a-4ad3-8338-afd3940c57f4,2021-01-14T18:52:20Z,ECOMMERCE,18,CARD_ON_FILE,99.99,2305.2,CA,06,0,0
490cf2d0-ea4a-4ad3-8338-afd3940c57f4,2021-01-14T18:52:20Z,ECOMMERCE,18,CARD_ON_FILE,99.99,2305.2,CA,06,0,0
490cf2d0-ea4a-4ad3-8338-afd3940c57f4,2021-01-14T18:52:20Z,ECOMMERCE,18,CARD_ON_FILE,99.99,2305.2,CA,06,0,0
454d5282-e5a8-4039-b39f-9ff1a750eeab,2021-01-21T17:34:18Z,ECOMMERCE,18,CARD_ON_FILE,99.99,1882.23,CA,06,0,0
454d5282-e5a8-4039-b39f-9ff1a750eeab,2021-01-21T17:34:18Z,ECOMMERCE,18,CARD_ON_FILE,99.99,1882.23,CA,06,0,0
454d5282-e5a8-4039-b39f-9ff1a750eeab,2021-01-21T17:34:18Z,ECOMMERCE,18,CARD_ON_FILE,99.99,1882.23,CA,06,0,0
454d5282-e5a8-4039-b39f-9ff1a750eeab,2021-01-21T17:34:18Z,ECOMMERCE,18,CARD_ON_FILE,99.99,1882.23,CA,06,0,0
454d5282-e5a8-4039-b39f-9ff1a750eeab,2021-01-21T17:34:18Z,ECOMMERCE,18,CARD_ON_FILE,99.99,1882.23,CA,06,0,0
f579354d-5914-42f3-9ef9-77bb120ef375,2021-01-15T16:03:58Z,ECOMMERCE,18,CARD_ON_FILE,104.98,3156.21,CA,06,0,0
f579354d-5914-42f3-9ef9-77bb120ef375,2021-01-15T16:03:58Z,ECOMMERCE,18,CARD_ON_FILE,104.98,3156.21,CA,06,0,0
f579354d-5914-42f3-9ef9-77bb120ef375,2021-01-15T16:03:58Z,ECOMMERCE,18,CARD_ON_FILE,104.98,3156.21,CA,06,0,0
86314aff-722f-44f3-9ad0-596a9f6a8a94,2021-01-24T21:27:09Z,ECOMMERCE,18,CARD_ON_FILE,99.99,3333.58,CA,06,0,0
86314aff-722f-44f3-9ad0-596a9f6a8a94,2021-01-24T21:27:09Z,ECOMMERCE,18,CARD_ON_FILE,99.99,3333.58,CA,06,0,0
86314aff-722f-44f3-9ad0-596a9f6a8a94,2021-01-24T21:27:09Z,ECOMMERCE,18,CARD_ON_FILE,99.99,3333.58,CA,06,0,0
86314aff-722f-44f3-9ad0-596a9f6a8a94,2021-01-24T21:27:09Z,ECOMMERCE,18,CARD_ON_FILE,99.99,3333.58,CA,06,0,0
86314aff-722f-44f3-9ad0-596a9f6a8a94,2021-01-24T21:27:09Z,ECOMMERCE,18,CARD_ON_FILE,99.99,3333.58,CA,06,0,0
86314aff-722f-44f3-9ad0-596a9f6a8a94,2021-01-24T21:27:09Z,ECOMMERCE,18,CARD_ON_FILE,99.99,3333.58,CA,06,0,0
86314aff-722f-44f3-9ad0-596a9f6a8a94,2021-01-24T21:27:09Z,ECOMMERCE,18,CARD_ON_FILE,99.99,3333.58,CA,06,0,0
821da6d1-38c0-4460-900b-5e3005e5511c,2021-01-03T07:24:35Z,ECOMMERCE,17,CARD_ON_FILE,31.95,6072.57,CA,06,0,0
821da6d1-38c0-4460-900b-5e3005e5511c,2021-01-03T07:24:35Z,ECOMMERCE,17,CARD_ON_FILE,31.95,6072.57,CA,06,0,0
821da6d1-38c0-4460-900b-5e3005e5511c,2021-01-03T07:24:35Z,ECOMMERCE,17,CARD_ON_FILE,31.95,6072.57,CA,06,0,0
821da6d1-38c0-4460-900b-5e3005e5511c,2021-01-03T07:24:35Z,ECOMMERCE,17,CARD_ON_FILE,31.95,6072.57,CA,06,0,0
461327ce-5b22-4b5f-a486-b233b7511b89,2021-01-05T15:59:25Z,ECOMMERCE,17,CARD_ON_FILE,203.98,30405.85,MA,25,0,0
ce0cf52f-8fa8-4cfb-85fa-a46e3268da6e,2021-01-23T02:01:42Z,ECOMMERCE,17,CARD_ON_FILE,99.99,2864.55,CA,06,0,0
ce0cf52f-8fa8-4cfb-85fa-a46e3268da6e,2021-01-23T02:01:42Z,ECOMMERCE,17,CARD_ON_FILE,99.99,2864.55,CA,06,0,0
ce0cf52f-8fa8-4cfb-85fa-a46e3268da6e,2021-01-23T02:01:42Z,ECOMMERCE,17,CARD_ON_FILE,99.99,2864.55,CA,06,0,0
6258009d-86d7-48dc-8291-cc62c183d272,2021-01-09T00:38:21Z,ECOMMERCE,17,CARD_ON_FILE,109.98,3352.07,CA,06,0,0
6258009d-86d7-48dc-8291-cc62c183d272,2021-01-09T00:38:21Z,ECOMMERCE,17,CARD_ON_FILE,109.98,3352.07,CA,06,0,0
6258009d-86d7-48dc-8291-cc62c183d272,2021-01-09T00:38:21Z,ECOMMERCE,17,CARD_ON_FILE,109.98,3352.07,CA,06,0,0
6258009d-86d7-48dc-8291-cc62c183d272,2021-01-09T00:38:21Z,ECOMMERCE,17,CARD_ON_FILE,109.98,3352.07,CA,06,0,0
9115b467-21fc-4d46-bef8-3072afb34b1d,2021-01-18T16:34:09Z,ECOMMERCE,17,CARD_ON_FILE,99.99,1966.67,CA,06,0,0
9115b467-21fc-4d46-bef8-3072afb34b1d,2021-01-18T16:34:09Z,ECOMMERCE,17,CARD_ON_FILE,99.99,1966.67,CA,06,0,0
d52bcc54-4c55-4963-b0f1-c601eb8f9379,2021-02-02T14:43:00Z,ECOMMERCE,16,MANUAL,119.95,3479.66,CA,06,0,0
726345fe-e0ef-4247-b8e0-7fda19388d7f,2021-05-31T10:19:28Z,MOTO,16,CARD_ON_FILE,67.0,1568.28,,,0,0
01ea1890-c416-4cfe-81a7-5119b0e8cec3,2021-01-12T17:01:08Z,ECOMMERCE,16,CARD_ON_FILE,99.99,2752.37,CA,06,0,0
01ea1890-c416-4cfe-81a7-5119b0e8cec3,2021-01-12T17:01:08Z,ECOMMERCE,16,CARD_ON_FILE,99.99,2752.37,CA,06,0,0
01ea1890-c416-4cfe-81a7-5119b0e8cec3,2021-01-12T17:01:08Z,ECOMMERCE,16,CARD_ON_FILE,99.99,2752.37,CA,06,0,0
90dd8cc5-1749-4311-af44-fceb5b50946e,2021-01-06T12:04:01Z,ECOMMERCE,15,CARD_ON_FILE,69.66,30318.92,MA,25,0,0
ccbeb0e0-9b82-417e-8345-56e82bf93097,2021-01-23T19:36:16Z,ECOMMERCE,15,CARD_ON_FILE,104.98,1777.95,CA,06,0,0
ccbeb0e0-9b82-417e-8345-56e82bf93097,2021-01-23T19:36:16Z,ECOMMERCE,15,CARD_ON_FILE,104.98,1777.95,CA,06,0,0
ccbeb0e0-9b82-417e-8345-56e82bf93097,2021-01-23T19:36:16Z,ECOMMERCE,15,CARD_ON_FILE,104.98,1777.95,CA,06,0,0
a4064e71-a579-41f0-9f47-bff1f89d0ed3,2021-02-14T15:57:42Z,MOTO,15,MANUAL,1684.0,2840.49,OH,39,0,0
ed025d8a-9256-4371-b4fe-7cdc36c8a52a,2021-01-09T17:08:40Z,ECOMMERCE,15,CARD_ON_FILE,105.97,2517.58,CA,06,0,0
ed025d8a-9256-4371-b4fe-7cdc36c8a52a,2021-01-09T17:08:40Z,ECOMMERCE,15,CARD_ON_FILE,105.97,2517.58,CA,06,0,0
ed025d8a-9256-4371-b4fe-7cdc36c8a52a,2021-01-09T17:08:40Z,ECOMMERCE,15,CARD_ON_FILE,105.97,2517.58,CA,06,0,0
ed025d8a-9256-4371-b4fe-7cdc36c8a52a,2021-01-09T17:08:40Z,ECOMMERCE,15,CARD_ON_FILE,105.97,2517.58,CA,06,0,0
3c4d2f96-3a32-4bc5-8b67-7723bb163729,2021-01-12T15:18:27Z,ECOMMERCE,15,CARD_ON_FILE,109.97,2607.78,CA,06,0,0
3c4d2f96-3a32-4bc5-8b67-7723bb163729,2021-01-12T15:18:27Z,ECOMMERCE,15,CARD_ON_FILE,109.97,2607.78,CA,06,0,0
3c4d2f96-3a32-4bc5-8b67-7723bb163729,2021-01-12T15:18:27Z,ECOMMERCE,15,CARD_ON_FILE,109.97,2607.78,CA,06,0,0
65e83ebb-4e85-4704-88b8-9273d07aa508,2021-01-20T04:49:20Z,ECOMMERCE,14,CARD_ON_FILE,104.98,3067.86,CA,06,0,0
65e83ebb-4e85-4704-88b8-9273d07aa508,2021-01-20T04:49:20Z,ECOMMERCE,14,CARD_ON_FILE,104.98,3067.86,CA,06,0,0
5515a115-23ce-4ae8-a0ea-126fc1a936fe,2021-01-14T21:24:45Z,ECOMMERCE,14,CARD_ON_FILE,99.99,2054.7,CA,06,0,0
5515a115-23ce-4ae8-a0ea-126fc1a936fe,2021-01-14T21:24:45Z,ECOMMERCE,14,CARD_ON_FILE,99.99,2054.7,CA,06,0,0
5515a115-23ce-4ae8-a0ea-126fc1a936fe,2021-01-14T21:24:45Z,ECOMMERCE,14,CARD_ON_FILE,99.99,2054.7,CA,06,0,0
5515a115-23ce-4ae8-a0ea-126fc1a936fe,2021-01-14T21:24:45Z,ECOMMERCE,14,CARD_ON_FILE,99.99,2054.7,CA,06,0,0
5515a115-23ce-4ae8-a0ea-126fc1a936fe,2021-01-14T21:24:45Z,ECOMMERCE,14,CARD_ON_FILE,99.99,2054.7,CA,06,0,0
5515a115-23ce-4ae8-a0ea-126fc1a936fe,2021-01-14T21:24:45Z,ECOMMERCE,14,CARD_ON_FILE,99.99,2054.7,CA,06,0,0
b58c9858-0c6a-4cc0-821c-e96acc51a116,2021-01-17T03:12:31Z,ECOMMERCE,14,CARD_ON_FILE,99.99,2555.17,CA,06,0,0
b58c9858-0c6a-4cc0-821c-e96acc51a116,2021-01-17T03:12:31Z,ECOMMERCE,14,CARD_ON_FILE,99.99,2555.17,CA,06,0,0
b58c9858-0c6a-4cc0-821c-e96acc51a116,2021-01-17T03:12:31Z,ECOMMERCE,14,CARD_ON_FILE,99.99,2555.17,CA,06,0,0
04d09a7a-1bc5-49b2-b49e-b71707493290,2021-01-10T16:16:50Z,ECOMMERCE,14,CARD_ON_FILE,32.97,3856.25,CA,06,0,0
04d09a7a-1bc5-49b2-b49e-b71707493290,2021-01-10T16:16:50Z,ECOMMERCE,14,CARD_ON_FILE,32.97,3856.25,CA,06,0,0
04d09a7a-1bc5-49b2-b49e-b71707493290,2021-01-10T16:16:50Z,ECOMMERCE,14,CARD_ON_FILE,32.97,3856.25,CA,06,0,0
5ff751a3-d031-4d29-9163-bea4d2110e8c,2021-01-22T15:48:46Z,ECOMMERCE,14,CARD_ON_FILE,99.99,2146.99,CA,06,0,0
019eaafe-fbcd-4bc2-a9aa-5688e2638886,2021-01-19T16:44:12Z,ECOMMERCE,13,CARD_ON_FILE,99.99,1932.16,CA,06,0,0
019eaafe-fbcd-4bc2-a9aa-5688e2638886,2021-01-19T16:44:12Z,ECOMMERCE,13,CARD_ON_FILE,99.99,1932.16,CA,06,0,0
019eaafe-fbcd-4bc2-a9aa-5688e2638886,2021-01-19T16:44:12Z,ECOMMERCE,13,CARD_ON_FILE,99.99,1932.16,CA,06,0,0
019eaafe-fbcd-4bc2-a9aa-5688e2638886,2021-01-19T16:44:12Z,ECOMMERCE,13,CARD_ON_FILE,99.99,1932.16,CA,06,0,0
019eaafe-fbcd-4bc2-a9aa-5688e2638886,2021-01-19T16:44:12Z,ECOMMERCE,13,CARD_ON_FILE,99.99,1932.16,CA,06,0,0
02f21f34-2166-4d8e-9980-2cfc94ba4163,2021-01-25T19:53:12Z,ECOMMERCE,13,CARD_ON_FILE,99.99,1468.44,CA,06,0,0
02f21f34-2166-4d8e-9980-2cfc94ba4163,2021-01-25T19:53:12Z,ECOMMERCE,13,CARD_ON_FILE,99.99,1468.44,CA,06,0,0
2c502684-6625-46cc-a001-400759fac8e8,2021-01-16T04:32:10Z,ECOMMERCE,13,CARD_ON_FILE,24.97,3657.77,CA,06,0,0
2c502684-6625-46cc-a001-400759fac8e8,2021-01-16T04:32:10Z,ECOMMERCE,13,CARD_ON_FILE,24.97,3657.77,CA,06,0,0
2c502684-6625-46cc-a001-400759fac8e8,2021-01-16T04:32:10Z,ECOMMERCE,13,CARD_ON_FILE,24.97,3657.77,CA,06,0,0
2c502684-6625-46cc-a001-400759fac8e8,2021-01-16T04:32:10Z,ECOMMERCE,13,CARD_ON_FILE,24.97,3657.77,CA,06,0,0
2c502684-6625-46cc-a001-400759fac8e8,2021-01-16T04:32:10Z,ECOMMERCE,13,CARD_ON_FILE,24.97,3657.77,CA,06,0,0
d9d07a46-ebc7-44c1-bba8-6d40f3e380f6,2021-01-23T22:15:38Z,ECOMMERCE,13,CARD_ON_FILE,99.99,4563.66,CA,06,0,0
c66c5fae-f9a0-44bf-8025-ef401fa1cd2f,2021-01-24T21:00:59Z,ECOMMERCE,13,CARD_ON_FILE,99.99,3433.57,CA,06,0,0
d9d07a46-ebc7-44c1-bba8-6d40f3e380f6,2021-01-23T22:15:38Z,ECOMMERCE,13,CARD_ON_FILE,99.99,4563.66,CA,06,0,0
c66c5fae-f9a0-44bf-8025-ef401fa1cd2f,2021-01-24T21:00:59Z,ECOMMERCE,13,CARD_ON_FILE,99.99,3433.57,CA,06,0,0
d9d07a46-ebc7-44c1-bba8-6d40f3e380f6,2021-01-23T22:15:38Z,ECOMMERCE,13,CARD_ON_FILE,99.99,4563.66,CA,06,0,0
c66c5fae-f9a0-44bf-8025-ef401fa1cd2f,2021-01-24T21:00:59Z,ECOMMERCE,13,CARD_ON_FILE,99.99,3433.57,CA,06,0,0
d9d07a46-ebc7-44c1-bba8-6d40f3e380f6,2021-01-23T22:15:38Z,ECOMMERCE,13,CARD_ON_FILE,99.99,4563.66,CA,06,0,0
c66c5fae-f9a0-44bf-8025-ef401fa1cd2f,2021-01-24T21:00:59Z,ECOMMERCE,13,CARD_ON_FILE,99.99,3433.57,CA,06,0,0
d9d07a46-ebc7-44c1-bba8-6d40f3e380f6,2021-01-23T22:15:38Z,ECOMMERCE,13,CARD_ON_FILE,99.99,4563.66,CA,06,0,0
c66c5fae-f9a0-44bf-8025-ef401fa1cd2f,2021-01-24T21:00:59Z,ECOMMERCE,13,CARD_ON_FILE,99.99,3433.57,CA,06,0,0
d9d07a46-ebc7-44c1-bba8-6d40f3e380f6,2021-01-23T22:15:38Z,ECOMMERCE,13,CARD_ON_FILE,99.99,4563.66,CA,06,0,0
c66c5fae-f9a0-44bf-8025-ef401fa1cd2f,2021-01-24T21:00:59Z,ECOMMERCE,13,CARD_ON_FILE,99.99,3433.57,CA,06,0,0
d9d07a46-ebc7-44c1-bba8-6d40f3e380f6,2021-01-23T22:15:38Z,ECOMMERCE,13,CARD_ON_FILE,99.99,4563.66,CA,06,0,0
c66c5fae-f9a0-44bf-8025-ef401fa1cd2f,2021-01-24T21:00:59Z,ECOMMERCE,13,CARD_ON_FILE,99.99,3433.57,CA,06,0,0
f087fbb4-5c69-4ce1-b747-556c85492def,2021-01-04T01:21:13Z,ECOMMERCE,12,CARD_ON_FILE,99.99,4762.58,CA,06,0,0
f087fbb4-5c69-4ce1-b747-556c85492def,2021-01-04T01:21:13Z,ECOMMERCE,12,CARD_ON_FILE,99.99,4762.58,CA,06,0,0
f087fbb4-5c69-4ce1-b747-556c85492def,2021-01-04T01:21:13Z,ECOMMERCE,12,CARD_ON_FILE,99.99,4762.58,CA,06,0,0
f087fbb4-5c69-4ce1-b747-556c85492def,2021-01-04T01:21:13Z,ECOMMERCE,12,CARD_ON_FILE,99.99,4762.58,CA,06,0,0
d6d4a32b-d0e5-4d24-8f75-545678a49ce2,2021-01-07T21:00:52Z,ECOMMERCE,12,CARD_ON_FILE,104.98,2627.79,CA,06,0,0
ec7afb17-bcca-4a2d-afdc-8906ebc0d7e7,2021-01-21T22:54:25Z,ECOMMERCE,12,CARD_ON_FILE,99.99,1732.65,CA,06,0,0
ec7afb17-bcca-4a2d-afdc-8906ebc0d7e7,2021-01-21T22:54:25Z,ECOMMERCE,12,CARD_ON_FILE,99.99,1732.65,CA,06,0,0
ec7afb17-bcca-4a2d-afdc-8906ebc0d7e7,2021-01-21T22:54:25Z,ECOMMERCE,12,CARD_ON_FILE,99.99,1732.65,CA,06,0,0
ec7afb17-bcca-4a2d-afdc-8906ebc0d7e7,2021-01-21T22:54:25Z,ECOMMERCE,12,CARD_ON_FILE,99.99,1732.65,CA,06,0,0
ec7afb17-bcca-4a2d-afdc-8906ebc0d7e7,2021-01-21T22:54:25Z,ECOMMERCE,12,CARD_ON_FILE,99.99,1732.65,CA,06,0,0
3f0b0121-4e88-4e90-a871-37d513c547a9,2021-02-07T08:40:45Z,MOTO,11,CARD_ON_FILE,178.2,289.16,CA,06,0,0
e6cb48e7-5ffb-4d74-9d81-0a94dced4af9,2021-01-07T08:36:26Z,MOTO,10,CARD_ON_FILE,178.2,272.49,CA,06,0,0
a4ba2e5c-69db-4ee5-925c-0b6574d77a14,2021-01-10T18:04:00Z,ECOMMERCE,10,CARD_ON_FILE,12.99,3784.68,CA,06,0,0
a4ba2e5c-69db-4ee5-925c-0b6574d77a14,2021-01-10T18:04:00Z,ECOMMERCE,10,CARD_ON_FILE,12.99,3784.68,CA,06,0,0
a4ba2e5c-69db-4ee5-925c-0b6574d77a14,2021-01-10T18:04:00Z,ECOMMERCE,10,CARD_ON_FILE,12.99,3784.68,CA,06,0,0
353d9f85-f014-4c95-88a1-ea390e450153,2021-01-16T16:42:31Z,ECOMMERCE,1,CARD_ON_FILE,2.99,2658.17,CA,06,0,0
353d9f85-f014-4c95-88a1-ea390e450153,2021-01-16T16:42:31Z,ECOMMERCE,1,CARD_ON_FILE,2.99,2658.17,CA,06,0,0
353d9f85-f014-4c95-88a1-ea390e450153,2021-01-16T16:42:31Z,ECOMMERCE,1,CARD_ON_FILE,2.99,2658.17,CA,06,0,0
353d9f85-f014-4c95-88a1-ea390e450153,2021-01-16T16:42:31Z,ECOMMERCE,1,CARD_ON_FILE,2.99,2658.17,CA,06,0,0
353d9f85-f014-4c95-88a1-ea390e450153,2021-01-16T16:42:31Z,ECOMMERCE,1,CARD_ON_FILE,2.99,2658.17,CA,06,0,0
,,,,,,,,,,
,,,,,,,,,,
,,,,,,,,,,
,,,,,,,,,,
,,,,,,,,,,
,,,,,,,,,,
,,,,,,,,,,
,,,,,,,,,,
,,,,,,,,,,
,,,,,,,,,,
,,,,,,,,,,
,,,,,,,,,,
,,,,,,,,,,
,,,,,,,,,,
,,,,,,,,,,
,,,,,,,,,,
,,,,,,,,,,
,,,,,,,,,,
,,,,,,,,,,
,,,,,,,,,,
,,,,,,,,,,
,,,,,,,,,,
,,,,,,,,,,
,,,,,,,,,,
,,,,,,,,,,
,,,,,,,,,,
,,,,,,,,,,
,,,,,,,,,,
,,,,,,,,,,
,,,,,,,,,,
,,,,,,,,,,
,,,,,,,,,,
,,,,,,,,,,
,,,,,,,,,,
,,,,,,,,,,
,,,,,,,,,,
,,,,,,,,,,
,,,,,,,,,,
,,,,,,,,,,
,,,,,,,,,,
,,,,,,,,,,
,,,,,,,,,,
,,,,,,,,,,
,,,,,,,,,,
,,,,,,,,,,
,,,,,,,,,,
,,,,,,,,,,
,,,,,,,,,,
,,,,,,,,,,
,,,,,,,,,,
,,,,,,,,,,
,,,,,,,,,,
,,,,,,,,,,
,,,,,,,,,,
,,,,,,,,,,
,,,,,,,,,,
,,,,,,,,,,
,,,,,,,,,,
,,,,,,,,,,
,,,,,,,,,,
,,,,,,,,,,
723f80fd-4b9b-415e-ad3c-a1f6dd1f7fb2,,,,,99.0,0.0,UT,,,
,,,,,,,,,,
,,,,,,,,,,
,,,,,,,,,,
,,,,,,,,,,
,,,,,,,,,,
,,,,,,,,,,
,,,,,,,,,,
,,,,,,,,,,
,,,,,,,,,,
,,,,,,,,,,
,,,,,,,,,,
,,,,,,,,,,
,,,,,,,,,,
,,,,,,,,,,
,,,,,,,,,,
,,,,,,,,,,
,,,,,,,,,,
,,,,,,,,,,
,,,,,,,,,,
,,,,,,,,,,
,,,,,,,,,,
,,,,,,,,,,
,,,,,,,,,,
,,,,,,,,,,
,,,,,,,,,,
,,,,,,,,,,
,,,,,,,,,,
,,,,,,,,,,
,,,,,,,,,,
,,,,,,,,,,
,,,,,,,,,,
,,,,,,,,,,
,,,,,,,,,,
,,,,,,,,,,
,,,,,,,,,,
,,,,,,,,,,
,,,,,,,,,,
,,,,,,,,,,
,,,,,,,,,,
,,,,,,,,,,
,,,,,,,,,,
,,,,,,,,,,
,,,,,,,,,,
,,,,,,,,,,
,,,,,,,,,,
,,,,,,,,,,
,,,,,,,,,,
,,,,,,,,,,
,,,,,,,,,,
,,,,,,,,,,
,,,,,,,,,,
,,,,,,,,,,
,,,,,,,,,,
,,,,,,,,,,
,,,,,,,,,,
,,,,,,,,,,
,,,,,,,,,,
,,,,,,,,,,
,,,,,,,,,,
,,,,,,,,,,
,,,,,,,,,,
,,,,,,,,,,
,,,,,,,,,,
,,,,,,,,,,
,,,,,,,,,,
,,,,,,,,,,
,,,,,,,,,,
,,,,,,,,,,
,,,,,,,,,,
,,,,,,,,,,
,,,,,,,,,,
,,,,,,,,,,
,,,,,,,,,,
,,,,,,,,,,
,,,,,,,,,,
,,,,,,,,,,
,,,,,,,,,,
,,,,,,,,,,
,,,,,,,,,,
,,,,,,,,,,
,,,,,,,,,,
,,,,,,,,,,
,,,,,,,,,,
,,,,,,,,,,
,,,,,,,,,,
,,,,,,,,,,
,,,,,,,,,,
,,,,,,,,,,
,,,,,,,,,,
,,,,,,,,,,
,,,,,,,,,,
,,,,,,,,,,
,,,,,,,,,,
,,,,,,,,,,
,,,,,,,,,,
,,,,,,,,,,
,,,,,,,,,,
,,,,,,,,,,
,,,,,,,,,,
,,,,,,,,,,
,,,,,,,,,,
,,,,,,,,,,
,,,,,,,,,,
,,,,,,,,,,
,,,,,,,,,,
,,,,,,,,,,
,,,,,,,,,,
,,,,,,,,,,
,,,,,,,,,,
,,,,,,,,,,
,,,,,,,,,,
,,,,,,,,,,
,,,,,,,,,,
,,,,,,,,,,
,,,,,,,,,,
,,,,,,,,,,
,,,,,,,,,,
,,,,,,,,,,
,,,,,,,,,,
,,,,,,,,,,
,,,,,,,,,,